Latitude,Longitude
42.5333333,1.5333333
42.55,1.7333333
24.466667,54.36666700000001
25.258172,55.304717
25.774612,55.970016
25.432273,56.345736
25.288123,55.881571
25.460122,56.012562
25.07462,56.355447
24.218997,55.739888
24.959508,56.315852
25.412279,56.170748
25.35731,55.40330400000001
25.189507,56.235157
25.932264,56.40512800000001
26.021389000000006,56.091389
24.298014,53.211395
25.414304,56.091233
24.798996,56.115379
22.95805,54.297206
25.709102,55.807724
25.478194,55.533768
25.092227,56.24418000000001
25.329901,56.021884
25.617288,56.011128
25.995584,56.380513
23.102651,53.581849
23.127315,53.75439300000001
24.099107,53.49076899999999
23.110884,54.015715
24.865864,56.260851
24.616667,51.4
24.912136,56.095661
24.221944,55.603056
24.053988,53.763468
24.25958,54.707814
22.992313,53.428915
24.110278,52.73055600000001
25.174666,56.330388
25.163564,56.09619
25.354005,55.853315
24.083333,55.683333
24.870768,55.549053
23.630726,53.729897
25.301285,56.16530600000001
24.278385,52.623689
23.283333,53.2
24.957746,56.205983
24.884097,56.205284
25.766667,56.066667
22.9941,54.221835
25.565895,56.202173
23.119039,53.928365
23.316096,54.067177
25.514168,56.071944
25.801287,56.351111
25.2,56.05
25.540918,56.130664
24.951349,56.14996800000001
24.294566,53.330688
23.013531,54.154475
23.066667,53.533333
24.116667,55.8
24.07843,53.53842
25.145833,55.334167
25.223647,55.38894300000001
24.994167,56.025
23.3,53.85
25.936667,56.172222
25.1,56.033333
24.052778,55.719722
24.803878,56.194487
25.247638,56.077192
25.016249,55.45533100000001
25.56473,55.555166
25.150151,55.205866
24.908972,56.303165
33.051945,68.65
32.669487,62.16116
32.243587,64.684706
36.689007,69.133751
34.234973,67.19159300000001
33.643952,64.694301
34.722778000000005,70.26138900000001
33.281975,64.648072
35.474953,69.871144
35.11979,61.48511
33.355062,67.657865
34.248889,68.608333
32.813402,65.96804200000001
32.503976,69.209795
31.975853000000004,67.59182
34.331309000000005,67.640744
33.443964,67.446848
31.920507,67.691807
31.719049,64.600709
34.869305,63.274235
34.739697,67.708229
38.290565,70.82552700000002
33.042291,68.026791
34.477778,68.29083299999999
35.57803,65.101776
34.621441,66.236618
31.786266,64.52124
32.80455,67.79332
32.85733,69.129471
32.795833,69.275278
32.673821000000004,69.126244
36.933547,69.94524399999999
33.482286,64.310608
33.087925,67.43729300000001
32.626767,65.79395500000001
33.894167,69.235833
35.436878,61.385679
36.883236,70.160088
33.801764,65.879646
34.151540999999995,63.419489
34.106897,64.16788199999999
32.261384,68.178921
34.874713,66.543614
31.807746,66.487208
35.706722,64.489174
32.635723,62.46544599999999
35.247261,69.61556999999999
33.284399,67.187217
36.033889,66.121944
34.052914,62.932137
36.65665300000001,68.37054
33.666252,68.009567
34.396667,67.896111
36.288461,66.853894
35.767752,66.56335
38.101827,70.465519
34.700352,69.33800500000001
35.396155,61.358598
33.857778,68.74194399999999
34.373889,68.837778
34.776778,68.629244
33.753691,65.848019
34.456124,68.035866
36.62146,71.18717
32.774997,67.033884
34.450013,70.511127
35.019545,69.282966
33.595593,63.511616
34.30481,62.255844
35.654722,64.606667
31.684185,64.362512
36.765827,69.403679
35.074092,63.151696
31.842262,65.854792
31.265079,64.243888
31.175171,62.064489
32.096052,65.862002
31.893301,66.406361
31.473333,67.021111
31.099444,61.857778
30.737901,64.11704300000001
34.761692,62.24629100000001
31.096111,66.621111
31.192113,62.153969
33.2975,68.28027800000001
33.309864000000005,69.812822
35.25676,63.486725
31.932216,66.654759
37.474451,69.695674
33.269721999999994,68.85972199999999
31.594318,67.423525
32.64383,66.218202
34.732533000000004,62.468026
35.128038000000004,69.056555
35.087589,63.258904
34.96133,69.606239
34.512882,70.56469
31.533681,64.993209
34.952539,61.686812
31.109194,64.180116
32.707035,66.716107
32.867561,67.46954000000001
32.076211,68.114209
31.317969,65.949354
32.639587,66.76432700000001
34.765896000000005,63.520962
31.533139,65.307982
32.827844,68.562173
32.860301,66.041049
31.581045,66.36774
31.73506,67.357401
31.853785,64.642863
35.929326,68.010447
33.775278,68.51083299999999
32.20780300000001,67.266664
32.444301,66.870564
31.424854,65.711438
33.35527800000001,68.453611
33.911152,68.441101
30.935278000000004,61.87055600000001
31.571978,65.483728
32.35163,66.66577
31.801757,65.770248
31.219722,61.780556
32.682358,67.741962
34.446389,69.899722
34.26619,69.262891
32.687827,68.11816999999999
34.226536,70.39625500000002
34.398889000000004,68.98944399999999
32.066307,66.837295
32.151437,64.754048
32.086627,67.79654000000001
32.209449,68.459416
31.331981,66.168351
34.532848,70.233086
30.894167,61.82305600000001
32.481494,68.11780300000001
35.83672,66.765502
35.433951,63.388675
33.915337,63.44293199999999
32.665482,68.773815
33.379721999999994,70.029444
32.399677000000004,61.95784
32.057990000000004,64.846474
31.682952,66.89439899999999
34.64306,70.436308
32.332819,64.98352299999999
30.958333000000003,66.431667
32.413182,67.498411
34.336944,69.18777800000001
33.749561,69.798149
33.905167,63.322945
34.333889,62.046944
33.851111,68.8725
35.770729,66.887394
34.651901,63.782801
35.859072,69.749211
34.902941,62.720077
36.398225,67.233915
35.896891,69.513482
33.907198,65.810363
35.015617,63.142089
32.678986,62.250358
35.052171,63.046762
36.434138,67.144053
35.088097,69.592163
31.56091,64.417838
34.966346,61.608348
36.832287,70.359301
36.941357,69.31809200000001
33.317657000000004,61.945522
36.482691,67.22071
37.139301,69.088622
36.995741,72.701707
37.520602,70.288611
38.00114,70.476161
34.538056,67.336389
34.662094,63.600279
35.018043,68.944122
35.292765,61.47165
35.729125,63.865742
31.511016,64.32928100000001
34.182682,63.18495600000001
34.348333000000004,68.67666700000001
31.973423,64.95841899999999
33.965055,63.230377
35.86117700000001,66.566967
35.50350800000001,67.760549
34.797888,63.781939
35.831321,68.408076
33.59901,63.64843000000001
37.059722,66.04333299999999
35.88154799999999,68.99655600000001
34.193889,66.873889
35.051449,63.296646
34.185137,62.837146
33.84256,63.370991
33.343529,63.764701
34.957833,61.538723
33.898610999999995,68.609167
34.245,66.9125
31.671088,67.24995600000001
34.231708000000005,65.368752
34.277373,66.080166
34.548342,70.87718100000002
31.575656,66.50232
30.180577000000003,66.020834
34.965917,67.864993
33.740278,68.1075
33.349324,64.656549
34.009798,65.333844
34.440079,66.140617
34.296991,68.246525
33.097778000000005,66.769722
35.789288,66.636801
34.06061500000001,66.196751
34.274444,68.125833
34.764659,63.652131
34.876296,67.266968
35.145636,71.360738
34.325266,67.176211
34.379494,66.672646
34.256717,64.04634300000001
33.697418,66.644885
36.402147,69.365776
35.699837,66.879634
34.587536,66.359566
35.244798,64.034625
34.268475,63.215057
33.913889000000005,66.632222
32.85046,68.096939
34.432109999999994,65.442764
33.126482,67.340195
37.355427,69.935242
34.561685,64.081524
35.193646,63.02479200000001
36.0644,68.959595
34.504101,69.091998
34.132763,63.745728
33.045787,62.18226899999999
37.089624,70.525711
34.194649,63.62572900000001
32.530663,62.049599
33.496569,65.59099599999999
33.596224,64.336395
34.487962,66.97835
34.388333,67.216111
33.63542,65.564257
32.029567,65.07851600000001
32.311524,67.608538
34.90464,63.069537
37.519834,70.50301400000002
36.934368,69.566177
34.401171999999995,66.246134
35.494224,63.378051
31.904186,65.760149
34.847382,71.05127
35.046871,70.987236
35.444736,69.69915
35.09737,70.701134
33.12025,69.485515
32.473539,67.19039599999999
35.817239,64.191139
35.151773,63.058812
34.168415,66.508154
36.113886,66.975761
34.082481,70.668152
33.570698,68.75634000000001
34.362225,70.472771
34.291927,70.17173000000001
33.778333,68.85333299999999
32.592674,68.099548
32.586193,65.351614
34.713782,69.814734
31.890002000000006,67.857235
35.25805300000001,63.56883199999999
32.220991,66.164473
33.714444,68.238333
34.423786,70.342827
34.072222,68.522778
32.748705,66.97957
32.935288,68.646326
36.062966,67.31668
35.202559,71.051513
31.485326,65.528894
33.494196,65.22607099999999
30.7556,61.8245
34.942805,70.97325
32.688598,68.643907
32.353235,66.36019300000001
33.452877,69.04821
34.420258000000004,70.828901
33.004759,69.408621
36.383333,66.15
32.392075,65.20869300000001
33.756667,68.3475
34.873802000000005,69.823936
36.871389,66.661111
31.819013,67.83410699999999
33.119137,68.31255300000001
33.555168,67.264431
34.829778000000005,69.685064
32.610165,68.042961
34.803387,69.354225
36.114341,70.017833
31.637745,65.63924300000001
35.255859,66.158914
32.850109,67.283353
31.837399,67.665414
32.123142,67.105187
32.352336,65.624818
34.253353000000004,70.320518
35.279586,71.362318
35.167744,70.158783
31.568054,67.15463100000001
30.959171,66.32832900000001
36.678179,66.80325400000001
33.645728000000005,62.269587
33.002983,68.282715
36.116111,66.05888900000001
33.428611,68.304167
33.251667,68.388056
31.691389,67.5775
32.531769,65.371851
34.839199,71.248758
36.761326,69.11215200000001
34.067954,67.35440799999999
37.14564,68.828937
32.194424,64.055773
36.634621,69.369446
37.203569,70.424943
34.772761,61.950271
30.977229,66.25939699999999
33.649021000000005,69.277153
33.18853,69.550942
35.607414,68.699128
36.695523,69.585665
36.116667,66.25
31.977318,64.893861
35.913097,64.786583
36.531456,65.798271
37.020386,71.02600000000002
35.770108,71.354704
32.637001,62.002159
34.494723,66.516504
34.884187,62.09559100000001
36.45656500000001,65.808802
34.829546,62.522604
34.198243,67.948539
32.759463000000004,66.244715
34.383056,67.446667
31.784454,66.910325
31.970721,66.175088
31.57672,64.85242
37.173011,69.774495
34.708682,69.038271
34.160702,70.241051
36.561111,66.645833
30.870833,66.256111
33.472778000000005,68.15472199999999
34.140833,68.72833299999999
32.385745,66.787338
35.421729,71.367068
35.66312999999999,69.30323100000001
36.883805,66.161694
33.607917,63.400298
34.8931,69.098359
32.968389,67.54800300000001
35.20634000000001,69.201536
34.698302000000005,68.24889399999999
31.849925,66.33913199999999
33.589553,64.265989
35.209392,63.85846700000001
35.264925,61.315015
31.955808,66.559288
33.844722,66.582222
33.285504,67.47294699999999
33.275946999999995,67.419792
33.604216,66.932241
33.479596,65.16653000000001
36.351559,66.917912
36.486944,70.265489
34.300709000000005,70.408142
38.161226,71.27081899999997
34.37051,68.125574
33.834038,63.232806
33.764365999999995,66.360887
34.502222,68.63833299999999
35.616725,69.499673
34.184766,66.61161899999999
33.176013,67.09814
34.470566,65.063843
32.698435,64.947691
34.259035,67.972604
35.484268,67.154376
34.995326,71.31904499999997
33.84217,66.117343
33.640190999999994,68.079468
34.087309999999995,67.92394200000001
32.756811,66.652332
34.680737,70.831192
34.77309,70.941139
33.099128,67.287612
34.426322,70.616929
34.520025,68.236429
35.525679,68.05941899999999
34.034236,66.39809
33.819866,68.949446
32.432434,63.751339
34.245416,62.441782
32.524154,68.317229
33.948056,68.943056
34.605339,70.608788
33.396839,69.38777900000001
35.915177,71.30169000000002
31.86533,61.57756
32.080793,68.863312
32.604299,67.551067
31.883592,66.83811999999999
32.148610999999995,67.496667
34.143833,69.209775
34.192778000000004,68.271389
33.923883000000004,69.702526
32.296473,64.775097
33.953889000000004,69.333056
31.987144,67.056096
34.196111,69.091667
34.899387,69.440086
34.03275900000001,69.590428
34.201427,69.533699
34.590287,70.342607
36.050125,65.912277
36.26468,68.015512
33.4675,69.641111
33.265556,68.12083299999999
36.689854,65.674355
37.173031,67.316475
33.330559,62.28648000000001
34.306452,67.54736899999999
35.364647,67.49369899999999
37.515816,70.354124
35.982947,67.467832
36.314441,67.927252
36.061823,68.670868
36.225414,69.239876
36.277077,69.199608
34.194904,70.441017
37.004273,69.159548
34.571428000000004,69.72737
34.304939000000005,70.78922299999998
35.629215,63.298531
32.440037,67.749223
32.10988,65.402372
33.182513,69.98792399999999
32.732106,64.71412099999999
33.823277000000004,69.167648
34.179253,69.66499300000001
33.763657,69.38198100000001
31.581411,65.757063
35.953785,65.294151
36.017052,66.511287
34.363733,69.616522
33.672222,68.133889
33.645115000000004,63.597157
36.98777800000001,66.148611
32.500267,67.09827800000001
32.341497,65.087409
30.268107,62.086555
35.896743,66.413309
34.852898,69.17061899999999
34.957778999999995,67.60847199999999
36.906451,65.135616
34.449272,65.210403
33.649187,65.817368
33.936269,65.916218
32.952784,64.76074200000001
36.332049,68.19281099999999
33.892264000000004,66.299593
33.92732,67.25519200000001
32.666169000000004,67.159494
31.609233000000003,64.960398
32.154083,68.591759
31.373269,67.577989
32.210706,68.54679399999999
32.656756,67.640199
31.040623,66.330101
32.258803,67.132221
32.089463,68.660072
31.166856,66.394247
35.846163,64.53073499999999
32.487911,65.331702
33.120278000000006,68.601111
34.347544,69.31412900000001
30.852778000000004,61.885
31.664644,66.696789
31.896636,67.57334200000001
33.125370000000004,68.033363
33.269503,67.599588
33.8975,68.963889
33.946667,69.218611
34.461389000000004,68.6975
32.227563,67.60521800000001
34.64167,69.87650699999999
32.341415000000005,67.968625
34.072308,61.870018
36.793889,66.95
34.045193,70.795662
32.854364000000004,67.578467
34.506622,62.644647
34.247787,70.519684
35.85267,68.764748
34.269167,69.02583299999999
32.189064,65.83416
31.853674,66.701038
31.718715000000003,66.190089
32.562832,66.586873
35.684834,70.121174
36.939557,71.048876
31.63405,66.813727
37.116667,65.166667
36.368942,68.828552
36.08387800000001,66.85033100000001
37.040293,69.529127
37.257854,68.913371
36.711647,69.416534
34.935041,67.65656700000001
34.322016,66.041924
36.714832,68.745941
36.774708,68.689636
36.976593,68.572239
36.302494,65.951515
36.6975,66.65527800000001
33.538898,65.113875
36.026944,66.386944
36.717256,67.157439
32.743656,68.769356
34.141288,69.544751
31.816151,67.370319
34.82374,69.829531
31.371149,67.770533
34.966652,62.07186
35.935252,66.067
32.654224,62.10434
33.874971,64.521908
34.124444,68.611111
34.293611,66.863056
30.138865000000006,66.061066
34.243611,68.787222
34.281789,66.45829
34.927357,69.74176800000001
36.270322,68.702702
35.576151,67.60414899999999
33.313334000000005,69.543611
34.523148,69.525223
35.90469,63.919828
35.63531300000001,66.743912
32.97419,69.36776
32.555473,67.037132
32.726923,67.636964
33.189091,69.25898000000001
32.784856,69.082436
32.521541,67.413151
34.874364,68.156789
33.070152,69.030396
36.487209,66.912681
34.232397,67.764044
31.247222,67.50444399999999
31.620245,65.89799599999999
33.309753,67.86797299999999
33.5125,70.0175
33.885833,66.851111
31.945087,65.555599
35.578158,68.461067
34.278606,69.90464
33.398216999999995,64.888953
35.231804,64.114784
35.385487,63.965148
34.225015,64.379366
33.448474,64.812343
33.718029,69.487892
34.335745,69.754935
32.239000000000004,68.765424
32.952676000000004,67.76002700000001
33.666389,68.667222
33.157146999999995,69.69772900000001
35.724948,67.57498199999999
37.025763,65.95160899999999
30.521097,63.390764
33.445509,65.907173
35.953932,69.022366
34.1425,66.878889
34.537352,65.118226
37.01162100000001,70.233365
32.172061,66.507639
30.437409,63.312975
32.617171,63.656832
31.623354,62.879511
32.413694,65.655858
32.293083,61.527138
36.208358,70.00529499999999
34.400363,69.371402
36.028663,70.772575
35.57958499999999,66.201258
32.916887,66.549086
33.122007,65.070082
32.665903,66.839947
36.495868,68.06994399999999
35.575833,64.08833299999999
36.866688,69.742638
34.497885,66.285135
36.381895,69.42504
34.49749,65.665237
34.006111,68.72027800000001
35.09668,69.649055
33.383678,69.018311
35.118527,61.86689499999999
36.296944,66.14416700000001
32.233052,66.111742
34.037222,69.448334
36.8126,68.867418
33.732403000000005,67.717409
32.54552,66.98192900000001
37.199602,68.97547
34.087658000000005,70.23790699999999
35.916758,68.50608100000001
31.170908,66.627498
34.941425,69.46970400000001
32.023423,65.794984
34.233868,69.965057
36.426085,69.607614
33.552371,64.820994
36.682231,71.127421
33.679958,69.99768900000001
31.641424,66.75053
34.626384,69.120465
34.459721,62.24669599999999
34.178092,65.35734599999999
31.50021,61.5047
32.05512,62.896822
32.111728,64.561224
33.185734000000004,62.125187
34.464675,62.464998
34.783712,62.560591
31.739796,65.923912
36.497559,68.908897
36.802222,66.41166700000001
34.325371000000004,62.482971
34.256981,62.517975
34.185364,63.06286600000001
36.2495,69.097389
32.007145,62.94823100000001
34.054935,61.69495
34.063965,66.076262
32.907496,67.09481600000001
35.115662,68.24560100000001
34.085278,66.53805600000001
33.321239,68.593048
33.520737,69.047852
33.176121,67.555879
34.990406,66.613012
33.829212,62.755814
31.00306,66.16889
31.705644,65.686826
32.487107,64.373475
33.87531,65.095249
33.1825,68.795556
33.559722,68.3225
31.505898,66.446721
34.103611,69.14694399999999
34.337778,69.10333299999999
34.200672999999995,70.04092299999999
34.306633000000005,69.816177
36.697116,68.851365
34.858162,69.413574
33.565278,68.43
31.409491,62.461924
32.027991,66.072886
36.9937,70.480742
30.501948,63.84414
35.816068,67.17672900000001
36.923072,70.855063
36.655278,66.173889
31.673334000000004,67.528889
33.438782,69.463287
33.518314000000004,69.418037
34.367816999999995,63.313759
34.201944,68.693889
33.63013,70.12439499999999
35.780363,68.073707
34.230606,69.72440300000001
31.490140000000004,67.23227
31.698590000000006,66.628129
37.343359,71.456119
34.250683,65.830585
32.422109000000006,64.46726899999999
32.64555900000001,64.709888
31.958268,65.977306
31.449833,65.923936
32.776367,68.920746
32.52908,66.191506
37.360507,69.486982
34.85263,61.998854
32.548026,67.671809
31.997486,65.653823
32.230981,64.324093
34.112958,66.148881
36.078944,68.320823
36.067355,67.566552
36.052631,65.55096400000001
33.535846,64.469822
32.438715,66.416434
33.278822,67.746714
36.031765,66.637928
31.70339,64.670216
35.201893,70.355815
34.05027800000001,68.993611
35.910303000000006,67.183559
33.826944,69.51527800000001
33.802982,69.093147
34.081843,67.746941
34.110397,67.985911
34.370278000000006,67.70083299999999
34.530052000000005,68.322257
34.511389,67.69555600000001
36.626778,65.788155
36.854945,65.10884899999999
32.576707,64.39237
36.76430300000001,68.958713
35.216291,68.140654
33.910535,67.01210400000001
37.150007,70.23973000000001
35.340235,69.153991
35.704687,69.181507
35.385147,65.358032
37.623737,70.271305
34.823639,69.452591
32.33784,68.3806
32.442031,67.30206
32.653372999999995,67.374104
32.736099,68.99568199999999
32.47567,68.273455
31.771588,64.882131
34.885841,68.228289
35.256996,63.686958
34.360240999999995,70.05510699999999
32.550453999999995,68.879215
32.932491,69.243034
31.983254,64.828113
32.716846999999994,65.334402
32.895565000000005,68.49469
32.174285999999995,68.415988
36.580551,65.80094100000001
34.088889,66.636111
35.137137,70.967576
36.494627,70.204144
34.369289,62.464474
35.754621,67.853913
37.764067,70.382364
31.326036,67.27787
34.036312,70.567307
34.802934,67.588711
36.631165,68.88681
34.112678,67.437197
33.669212,66.331086
35.127602,64.608391
32.421235,66.568321
32.122593,65.922639
32.592123,67.777614
31.218759,66.108735
34.192928,70.798965
33.786276,64.844544
32.270058,68.90974
32.238636,63.728413
31.229272,66.26213
31.057347,66.01955
35.881267,66.731131
38.197502,71.357454
33.790176,67.74476999999999
33.935249,62.399956
35.22037,67.922703
34.959798,68.03283
33.431246,65.13431
34.18721,64.349616
33.577601,65.746087
32.863434000000005,64.59664699999999
33.429094,64.403028
31.895698,66.06426
32.267083,66.575919
31.567695,66.719633
32.931626,66.76446899999999
34.325278000000004,66.82
32.104392,64.64314499999999
32.70619,65.277331
32.822956,67.09885600000001
34.831426,69.76907299999999
32.758697999999995,61.653969
32.646348,65.56179300000001
34.473453000000006,69.747652
32.799395000000004,65.317053
32.985703,65.699603
33.575095000000005,65.65101
34.214797999999995,70.697937
34.585789,70.715614
32.321314,66.60791
33.600618,62.963003
35.214875,69.367275
34.992206,67.948847
35.244679,71.5266
32.258609,67.87647
35.350698,67.84913
37.030653,71.449085
35.794522,66.988863
36.517273,69.079514
35.200518,69.277433
33.6698,62.934811
33.809517,69.87732700000001
33.935268,63.53349300000001
36.994722,66.329444
33.039726,67.210992
32.165556,68.25741500000001
36.189076,70.201575
36.952926,65.123761
33.8155,64.586442
33.800417,69.748284
32.12058,65.079092
32.951256,62.107876
34.691526,69.71772
32.133569,65.21159
31.814392,65.082325
35.894871,70.414689
33.008843,64.966643
32.776703999999995,68.413387
37.287476,70.562288
36.705696,67.89226500000001
35.397261,68.338655
37.223441,70.056002
32.259692,67.645081
31.239722,67.238889
37.563108,69.954362
31.378172,67.236298
32.519167,69.27166700000001
34.367778,69.957778
34.994064,69.824501
32.232548,67.816912
33.793781,65.154584
33.226876000000004,65.16121
34.150341999999995,67.40570500000001
31.523770000000006,65.67059300000001
34.062344,70.41346
32.571791,69.31182
34.592859000000004,69.80385600000001
35.013496,70.141289
36.184444,66.018056
34.820033,64.054994
37.485689,69.900886
32.382432,67.45924699999999
35.566844,66.818852
33.526261,65.52284300000001
36.337707,69.564376
32.437771000000005,62.140213
33.182579,64.330611
33.695833,68.88833299999999
35.927782,66.203222
32.363668,66.855589
36.242523,65.942612
35.281825,71.461528
32.175735,66.604822
30.399001,63.279936
30.99628,61.945011
36.204914,65.054138
36.724562,69.845897
35.98189199999999,65.978882
35.873578,68.291213
36.224308,67.114406
35.697968,64.904152
35.607704,64.765266
36.058593,64.578399
36.438859,68.087939
36.781611,64.968078
36.516667,68.15
36.479401,69.280446
37.368959,69.74260500000001
35.54277800000001,64.460833
37.459523,70.14376
35.596389,64.305
36.106354,65.522636
36.131114,69.112563
35.84172299999999,64.630964
35.92953499999999,64.642399
36.875255,71.078411
35.982285,65.861176
36.208166,68.701739
31.91811,65.891275
35.946005,66.683207
35.316845,64.23786199999999
37.211444,69.495075
35.101395000000004,69.43018199999999
37.387313,69.59572800000001
33.372627,61.693874
36.072406,69.051516
36.048298,68.437383
34.761436,66.744343
33.376895000000005,67.015599
34.893334,68.2925
34.252632,65.744516
31.531408000000006,66.656187
37.2975,66.517222
36.918056,66.29722199999999
34.827211,68.041803
34.680374,62.667205
34.003889,69.205556
34.792725,69.900511
34.944931,63.179875
35.083169,61.668926
33.408393,66.056549
35.632542,69.663623
35.73989500000001,64.779961
35.929177,66.798096
35.900894,65.468361
36.99333,73.23487
36.021893,65.47734799999999
37.070446,69.29842099999999
37.197942,70.137113
36.983333,70.883333
36.571675,69.918099
33.628822,68.84565699999999
35.697186,64.283218
37.348611,66.961667
32.453540000000004,67.389381
34.744156,70.727226
35.526444,69.949209
33.470833,68.484167
37.237639,70.357049
33.412308,65.709012
37.198788,70.763437
34.481945,67.405556
34.983611,67.053333
32.349415,66.511902
33.948246999999995,67.58749399999999
34.670621000000004,66.891506
36.491695,70.477153
34.156944,66.564167
33.060990000000004,65.871781
33.407825,69.805885
37.126322,70.389873
33.391110999999995,69.71
36.630695,67.978204
36.637883,71.045594
35.62916699999999,64.25
36.737485,70.977161
36.533078,70.995183
36.230002,67.514271
36.31531,67.046442
33.313513,69.03833900000001
35.357411,64.017491
34.553181,62.828049
33.323333,68.835278
33.303358,64.556149
36.06216,65.17349399999999
31.781534000000004,68.385964
37.079401,70.16851700000001
37.08571,69.479578
35.839512,65.908539
36.676718,70.934104
38.339356,70.91110400000002
37.257767,70.476478
34.3,63.5
34.380829,63.508846
35.552066,63.908564
35.271241,69.200375
37.361549,70.354139
34.030635,66.34000999999999
33.989132,67.086298
35.250226,69.28246
35.184166999999995,71.503333
38.204709,70.535246
37.57810900000001,70.357057
34.83912,71.12655699999998
32.641532,64.927726
34.109394,63.120506000000006
32.118348,65.559347
32.312218,63.17926800000001
34.814337,62.397775
33.355637,69.116592
33.597577,69.215992
35.224591,69.441347
32.478472,67.711621
34.879396,70.88486999999998
35.117446,69.111108
34.3847,68.458151
34.50826,66.832149
34.185266,67.1287
33.77791,65.608737
35.945627,66.900153
37.149105,70.6003
36.144264,65.015938
35.495901,68.217911
33.302944000000004,62.1474
32.826557,67.97333499999999
32.568143,67.438903
36.706932,71.570658
30.234177000000006,62.177062
36.226055,69.896248
34.966793,70.85770500000002
36.607086,70.78135999999998
36.669725,70.190702
35.03511,69.52089699999999
31.432794,65.452619
32.199451,63.57630500000001
31.958301,67.33104399999999
35.456677,70.93826899999998
34.7825,68.848333
34.659975,64.56953299999999
34.001788,61.972019
34.605598,61.999088
36.983611,66.90722199999999
36.378172,67.889891
34.046111,68.224722
34.677844,62.064415
34.8373,69.100961
33.17781,67.67074699999999
34.660492,66.308266
35.007744,61.49311
36.886389,66.507778
36.588824,71.421623
32.290646,61.323841
32.393608,62.071514
36.238945,70.16163399999999
31.923149,61.618732
34.162823,70.09184300000001
32.839926,64.474019
37.478498,70.038195
36.809444,66.787222
33.395691,65.518851
34.396111,67.57333299999999
33.89225,67.477568
35.9503,70.045684
36.845656,68.748428
35.330807,66.560096
33.486827000000005,63.274545
33.858295,63.60146700000001
35.24284,69.84565699999999
33.995267,63.90563100000001
33.00424,63.023884
33.663855,65.130701
31.494167,67.515419
34.002605,65.77824100000001
34.733376,61.88253
36.560342,70.30259699999999
34.074883,67.558123
33.55207,63.975511
36.446938,69.903252
35.359943,64.951378
35.352646,64.88229399999999
35.87524600000001,71.328851
33.717181,69.344132
31.533771,65.164203
33.974112,67.194571
36.211111,64.68388900000001
32.832868,68.700484
32.204552,65.468618
32.265159999999995,68.415187
32.933556,69.44915
34.384167,68.3025
34.269775,62.751088
35.479218,70.36433199999999
32.266855,66.703354
33.617782,60.946991
34.371111,68.932222
33.561935,68.026955
33.182003,68.556465
33.928955,65.458952
35.367766,70.250529
33.617935,68.77044699999999
33.708286,69.101738
33.568525,68.681038
31.283552,67.331963
33.630993,64.488516
34.951153000000005,70.713837
32.963355,66.27587199999999
34.578610999999995,66.723334
33.709456,64.910804
33.45254,63.117921
34.872539,70.759197
35.547923,68.80889300000001
33.989722,66.528889
34.932075,71.05117800000002
33.879166999999995,68.076667
35.457333,69.768523
32.923156,66.01567800000001
33.146404,67.74771199999999
35.118137,70.55947900000002
34.820242,69.980575
31.414943,62.368405
33.700803,66.482384
33.884524,66.029893
35.468707,66.694008
35.522298,69.860557
34.818401,65.437798
35.181327,68.355661
34.573611,67.624444
35.595038,66.94091
33.662196,66.082321
35.29061,65.216559
34.040814000000005,63.87165
34.591183,65.719193
35.642128,71.336414
33.342044,67.116134
36.576081,70.4546
33.493832,62.701809
35.80257899999999,69.54508100000001
35.833016,66.235825
35.839732,67.77470699999999
35.095974,64.48867299999999
34.40749,63.15251899999999
32.994803000000005,63.97569300000001
35.002704,68.472308
34.52235,61.975182
34.922932,70.342171
31.275278000000004,61.994444
30.088151,66.090789
34.04277800000001,66.88305600000001
33.503056,68.27833299999999
33.278056,69.601111
34.866389,68.549722
34.865674,68.733301
34.726533,68.77897800000001
36.80302,70.151138
35.83770999999999,67.853605
37.004594,70.581115
34.205382,66.264583
34.210536,66.336122
35.136684,67.94026600000001
33.997331,66.433669
32.307653,66.224253
31.637241,65.84651
34.259475,67.420422
35.192661,67.46990100000001
35.45418499999999,65.6474
37.00829,72.607462
36.883905,70.380158
37.25647,69.86394200000001
35.772677,67.324503
31.974227000000006,66.68709399999999
33.564722,69.590834
33.634722,69.709445
32.293603000000004,67.519972
33.073544,62.979259
32.633765999999994,61.538662
33.798333,68.568333
34.186667,68.511111
32.972897,68.358986
31.649044,65.954275
31.908191,67.00914300000001
32.266992,64.993759
34.156353,67.839642
33.860362,63.91025500000001
31.562821000000003,66.90954
33.999722,68.598611
35.448669,68.271159
36.305321,68.953568
33.708889,68.496667
32.347224,68.53923
32.435088,68.38689000000001
34.512131,70.356465
32.024722,67.479444
31.774938,65.66964399999999
35.814109,71.272068
36.70927800000001,65.746101
31.391189,66.208988
35.563569,67.668587
36.742325,67.015434
33.879721999999994,66.53666700000001
32.66896,66.94730600000001
36.782025,69.998993
34.952961,63.31443
34.864555,63.481201
34.434166999999995,67.78833399999999
36.051508,68.18638100000001
33.81727,69.40374
34.233611,68.38
33.495927,66.552238
31.743302000000003,67.817738
36.676667,66.968056
34.697136,70.612137
33.946434,66.438629
35.269432,69.68085500000001
35.90459699999999,67.394747
35.421667,71.53222199999998
36.798327,67.723881
36.95024,72.92036999999998
32.274023,68.115307
35.917507,65.130325
36.706298,67.087008
31.489421000000004,66.849589
35.590556,64.446389
33.969031,67.34191
33.455319,67.36949399999999
32.701128000000004,68.293397
34.360556,67.0875
33.362331,69.179085
34.991667,68.606944
35.318988,62.950961
32.613262,68.87418199999999
32.77851500000001,68.975502
31.089655,66.231667
31.474457,66.09693299999999
34.848281,62.453686
31.912457,66.74011
32.102505,64.34533
36.756352,66.897196
34.305801,62.139089
34.507335999999995,66.606363
31.929309000000003,65.171148
33.097221999999995,68.985833
34.816662,63.928927
36.108688,68.801971
32.9818,65.019535
33.230212,66.372149
36.464785,69.496655
32.914714000000004,67.910247
36.398354,68.983299
32.658396,66.660287
35.232778,71.601111
34.73,67.116111
35.700333,63.475303
33.212252,69.766067
34.431944,67.155556
35.00338,64.969269
34.520215,65.48294200000001
33.802208,63.741367
35.931267,64.492065
32.129321000000004,67.93544200000001
32.466475,68.341178
31.278894,66.556802
36.103731,64.653601
31.912475,65.506754
35.995407,69.82349599999999
35.51452600000001,65.776398
34.27875,67.287599
34.182778000000006,68.607222
34.510968,68.11466800000001
38.277476,70.911101
37.607852,70.43429499999998
34.321478000000006,67.828514
35.045383,65.109383
34.358438,68.35262900000001
34.913128,63.482494
33.356389,68.223611
33.218706,67.350219
32.055107,68.165199
31.082244,66.170755
35.482338,66.76599300000001
34.318408000000005,64.125093
35.135017,70.375023
34.310348,66.679029
34.542946,65.67775
33.579246000000005,62.801632
36.555723,67.299088
34.632733,66.806822
32.13422,64.438148
31.729727,66.30589300000001
33.055479,65.45947
34.371284,66.794044
34.313965,63.096836
32.668613,64.658375
33.209328,67.983722
33.406944,68.223611
33.523326000000004,64.154738
34.642986,71.023567
33.701901,64.085989
34.9575,68.88444399999999
34.242585,67.85084
34.899559,69.519684
32.24766,66.03005300000001
32.915628000000005,64.94613000000001
32.905640000000005,68.27877
34.003842,69.085865
32.55585,67.61341800000001
35.180871,67.972761
30.513911,61.848838
35.870288,68.23344
33.805822,66.5366
33.897125,69.87975300000001
34.95525,61.822221
33.227222,66.69111099999999
33.224134,65.69379599999999
37.444707,70.691874
36.881678,70.276738
35.601299,69.206978
35.542949,68.52454300000001
36.950831,68.13554
37.252126,70.611108
31.96064,65.473201
34.989783,68.727611
33.05595,65.53225400000001
36.578512,69.707674
34.452701,68.571111
34.412067,62.68502
33.145099,63.903609
36.693392,68.960146
34.327782,62.694859
34.615269,70.216011
37.052588,70.67980899999998
35.803994,69.308348
35.743844,68.788478
33.101632,63.116399
32.686131,63.72300300000001
31.321389,61.768333
36.866156,70.46543299999998
38.266523,71.333128
35.03986,70.261993
33.447708,62.930395
32.685251,65.207565
33.140124,63.979251
32.594732,68.763745
33.368803,63.076463
36.719849,67.726794
37.180288,70.011439
36.996382,68.192486
34.387615000000004,70.198143
35.00367,70.494568
34.119184999999995,66.086638
32.224871,66.497874
33.242785999999995,62.206139
34.065886,68.46515699999999
34.785018,62.63024100000001
32.057412,67.717136
32.850056,68.786537
35.05468,66.43696700000001
33.040789000000004,64.277857
34.611553,66.63022600000001
32.457362,65.579164
31.399889,67.162772
33.188984000000005,67.84722099999999
32.098909,65.165589
29.433333,64.05
34.215833,71.042778
32.331576,67.90691899999999
36.251892,68.838257
35.19527100000001,67.784262
36.131011,67.119552
36.03961,67.105389
35.699411,66.061637
36.950278,66.75416700000001
36.003059,66.989979
37.216667,65.383333
32.260536,68.853911
36.114167,64.867778
37.231654,69.752103
32.156065000000005,68.81532
32.137417,61.695175
35.583146,69.026565
35.483333,66.583333
34.013543,68.04429499999999
32.537147999999995,66.09082
33.793402,66.78267
30.91056,66.29444000000001
35.072238,68.723187
36.759088,65.891532
33.522577000000005,67.71775699999999
37.977327,70.628168
37.861958,71.120885
33.163597,69.385374
34.916314,66.50624499999999
37.131629,69.697006
32.905299,62.78005400000001
32.171071000000005,64.378236
35.354197,66.504788
37.618583,70.53521500000002
33.458378,69.94603000000001
34.608221,69.282477
36.363166,70.118039
32.549661,66.26492900000001
30.971667,66.520833
32.80325,69.360823
31.015404,66.222034
32.551171000000004,66.689693
32.393183,68.062487
35.046688,69.90966
32.137617,66.641253
32.241391,62.949361
34.888611,63.762778
35.631944,64.382222
33.488215000000004,63.879795
35.579494,63.636149
31.547783000000006,65.718402
35.010906,70.083801
33.150769,65.573006
34.516389000000004,67.255556
32.964224,67.378354
34.486111,68.783333
31.538327,65.59956700000001
33.148971,66.139088
32.541540999999995,65.675106
35.074749,70.918159
33.682196999999995,66.547613
34.601688,66.468513
33.625640000000004,67.934239
34.321613,66.542446
33.902778000000005,66.923611
36.847332,70.08976700000001
36.575833,66.820278
36.152211,69.9478
35.347174,70.148498
35.584191,63.329563
33.507715000000005,67.976376
34.313588,67.383289
32.62997,67.103622
35.682552,64.051949
35.241732,71.255122
35.51657700000001,63.570616
35.645668,67.34999499999999
35.990385,69.62155899999999
31.942186,62.55666400000001
36.487862,69.633895
34.065992,67.502549
34.867236,67.21084300000001
32.401618,66.301262
32.336981,68.319298
33.428677,68.650131
33.063034,69.229141
33.858889000000005,68.156111
33.393726,66.224467
31.333106,66.581283
32.18307,62.937426
34.286389,68.51083299999999
33.396390999999994,67.997378
34.403645000000004,66.89019
34.531944,67.99583299999999
34.909017,62.450451
34.243647,65.902904
35.844715,64.71004599999999
35.501727,66.50636999999999
33.559156,69.843289
34.240608,62.666222
34.460087,66.903122
33.603192,66.538953
31.679559,64.235203
34.092236,66.308474
36.038136,66.787808
31.267408000000003,66.657484
35.019354,67.70926800000001
35.713154,64.143929
34.119803999999995,63.63266
35.637972,67.077469
33.78673,63.254999
32.755897,65.913958
32.768396,67.251863
32.464203999999995,66.672747
31.854903000000004,66.944174
32.179559999999995,64.957217
36.349884,65.896416
33.455131,66.637095
30.945638,64.127009
37.654859,70.46279200000002
34.895076,70.036874
34.824167,67.821667
30.542639,63.964088
33.176389,68.439167
34.622505,65.877747
35.839856,70.846877
35.320163,67.593508
31.7569,66.456212
34.296244,65.49720400000001
34.379444,67.81277800000001
35.356111,64.585278
30.292031,61.908869
34.659323,65.134102
35.691029,69.047476
35.796599,67.397841
33.759488,66.54786
34.372986,63.213688
35.92245,69.639701
36.090099,65.703239
32.233333,65.083333
34.383606,63.400703
34.9825,71.487222
33.468937,62.625752
34.776111,68.381111
34.590278000000005,68.707778
35.699354,68.450141
32.963913,65.501797
37.082121,69.88808399999999
34.731174,70.062294
34.139649,67.59609
34.121735,70.563988
34.305161,67.95918
34.566906,70.65361800000002
34.113611,68.446389
32.965309999999995,67.230149
36.733333,69.233333
34.136608,70.393036
33.434984,63.680385
33.038288,67.637085
32.205436,68.96305600000001
34.4225,68.255556
31.929426,64.824501
32.587286,68.457991
33.535149,69.268227
34.879081,61.093734
34.552467,64.961792
31.64208,67.347414
33.768697,67.547768
36.348274,69.14186099999999
35.643333,64.102222
34.542727,69.343347
32.6378,67.481634
29.89982,66.258517
33.033085,61.821827
34.373611,69.79916700000001
33.365112,69.43453199999999
33.439221,63.878843
32.96632,68.130348
32.406921999999994,66.732718
35.99501,69.47975699999999
35.362312,69.60893399999999
33.59247,65.532748
35.994107,66.228089
34.351357,61.554932
32.354878,65.833776
31.628586,64.54678299999999
32.494072,62.184395
32.454021000000004,62.031345
31.64262,64.737209
34.657387,70.884815
32.713926,67.172738
33.055561,63.125386
34.558834000000004,65.831985
36.002222,68.439444
35.636667,64.480278
35.769375,64.483513
31.476740000000003,67.33964
33.010915999999995,63.151015
34.505176,64.094463
33.337937,63.651179000000006
34.973007,71.171875
34.407333,70.091309
33.391414000000005,63.60433
33.363347999999995,66.905425
33.540833,69.68055600000001
38.068357,71.168526
34.527232,69.587645
35.022556,65.373863
33.748405,67.005924
33.760833,68.63583299999999
37.355941,70.04736700000001
34.519234000000004,66.452057
34.084395,68.130447
32.589059000000006,67.078792
36.657633,66.43956999999999
31.953799,66.259791
35.070477000000004,71.226813
32.451277000000005,66.982698
33.95995300000001,68.45540600000001
32.327231,65.274151
33.913611,66.75694399999999
33.249724,65.465068
33.886774,65.875757
33.952246,66.193072
33.62136,69.41178199999999
33.373101,65.791888
32.855174,67.706106
32.03454,65.360812
32.565991,65.082769
33.874012,67.82032099999999
34.104257000000004,67.816985
34.348333000000004,68.07583299999999
33.893969,67.342134
32.164729,65.605071
32.654293,65.43856600000001
34.324185,67.759079
32.185338,66.428749
33.501667,66.04722199999999
37.815756,70.317998
34.891094,68.047462
32.200664,66.055704
33.615947,63.760808
35.299167,71.539722
32.285137,61.634811
34.246604999999995,62.868648
35.047927,71.536688
33.851871,68.46524000000001
32.031974,67.888616
32.971198,66.805526
34.953334000000005,68.26472199999999
34.168156,64.598005
35.002174,70.64044200000002
32.673736,68.50095999999999
34.707476,69.526645
36.882334,66.97245
34.761333,71.082334
33.728541,65.432923
34.610392,70.773999
32.431656,68.099677
33.972755,63.401112
33.557903,62.692448
33.856354,69.558357
32.2242,67.390663
33.497257,68.5979
33.662323,69.783562
37.17859,68.715987
37.166931,68.658849
32.973429,64.25560899999999
33.102483,64.07900500000001
33.380858,63.79872
32.08955,67.648329
32.209119,68.034964
37.663779,70.325948
34.244686,70.890388
37.82077,71.09057
35.641018,65.082497
36.785195,71.089275
37.565612,71.484214
35.725428,63.965426
32.305378999999995,68.24046
36.057947,69.13266999999999
32.875182,64.889954
31.945763,67.921152
31.819576,62.785566
34.874675,67.566827
34.16178,67.055947
32.529384,67.273218
37.041111,69.84869599999999
32.683528,65.02763
34.107375,64.305199
34.262221999999994,69.362778
33.67853,67.917617
31.548951,66.973351
35.638378,69.441013
36.025338,66.28394499999999
36.362267,66.539597
35.728566,67.09731500000001
35.411302,64.089465
32.221523,62.45369
32.006955,67.770478
34.261605,66.158061
34.696167,70.378814
34.74832,66.800557
34.951933000000004,64.052737
34.803307000000004,61.876121
35.876714,68.936627
33.970062,63.688751
31.81478,64.859729
32.738353000000004,67.386472
34.46209,64.546425
33.910538,64.418295
34.307885,66.266037
34.558611,67.513889
34.924167,68.441389
34.735252,66.97378499999999
32.148148,65.878575
37.353707,70.700781
34.478216,68.456747
34.159949,67.47787
34.534538,66.150726
34.586856,68.15950600000001
36.570831,69.348428
34.723333000000004,70.455556
35.93372700000001,65.070564
36.257648,69.0017
34.772872,68.103881
34.457778000000005,67.267222
34.122921000000005,66.43030999999999
34.216014,67.47077
33.551222,63.029922
34.613333000000004,67.05
35.18893,62.19445500000001
36.240801,68.54757
36.048594,66.233059
33.139111,62.769386
36.501881,69.3311
37.42955,69.727315
37.203889,67.71972199999999
35.31292,69.51519
35.39205,68.223168
32.208862,67.703701
37.311773,66.728713
36.85,70.2
36.169059,65.74731700000001
36.366808,64.898765
35.446953,63.292532
33.951565,67.13337299999999
32.271355,65.925139
37.207345,70.65850400000002
36.64,71.462778
32.341063,64.256305
33.076111,69.441389
32.091111,69.029167
33.287575,68.725975
32.725528999999995,68.939301
33.154025,68.174959
31.085293,66.534261
32.653107,68.344801
31.587423,67.023648
31.625151,66.156772
34.147709000000006,62.359665
33.8975,69.0325
34.644203000000005,65.975952
35.585833,64.613889
35.417724,66.332732
36.187649,67.603813
35.477427,68.641384
34.345278,67.906389
36.277321,65.89308199999999
33.403233,67.32088399999999
34.263277,66.716334
33.188655,67.770724
33.908306,63.729622
33.361956,65.44314200000001
32.563824,65.767779
36.057606,65.767319
35.596319,68.771711
34.577222,67.838889
35.840263,65.230896
35.086701,67.973714
34.323953,67.254688
32.21372,65.951622
34.225275,66.664597
34.544788,62.715906
34.832297,63.02354
34.316767,62.801932
35.661381,66.567645
34.193915999999994,64.863663
35.18853400000001,64.81662800000001
34.334444,63.755278
34.173623,67.23411
35.916783,68.243751
35.118333,71.511667
31.503033,67.087492
34.415278,69.98694499999999
35.223823,68.27680500000001
32.162116,65.661288
32.190758,64.188573
34.961516,68.206936
34.412643,64.891251
35.995714,68.504909
30.462883,63.360456000000006
31.720228,61.641487
32.734386,63.677761
35.208538,70.845316
37.87139000000001,70.233211
34.800785,62.891735
35.049455,61.134559
33.720323,65.323199
31.43957,64.13752099999999
34.098048,67.678688
35.737888,64.23796800000001
34.416389,67.736944
33.318394,67.97728000000001
37.128499,69.84058
35.650393,67.196388
34.241389,69.113056
33.566399,62.30366899999999
33.141944,66.985833
33.072441,67.53151700000001
34.359001,68.18437
31.593817,64.37161400000001
36.75747,66.50851999999999
35.895933,67.069438
33.607487,68.232033
33.348621,68.900429
33.672563000000004,67.45477
42.4833333,1.4666667
42.5666667,1.6
42.55,1.5166667
42.4333333,1.45
42.46666670000001,1.5
24.212717,55.783488
25.273069,55.306374
25.665602,55.969045
25.14844,56.22241999999999
25.124965,56.353807
25.381235,56.173576
25.78102,55.978696
25.276233,56.36255799999999
24.786677,56.141429
25.204083,55.287499
23.129169,53.981808
32.469231,69.20711999999999
33.818234999999994,65.880785
36.753628000000006,69.456436
31.163611,61.84194399999999
32.70046,66.71494399999999
32.448273,66.879584
32.657727,68.78724100000001
34.789840000000005,63.502623
31.688852,64.303841
34.307972,69.168801
32.077222,67.796058
31.514004,65.37716400000001
34.568897,70.89308199999998
34.206884,69.251535
34.275498,67.165588
32.879436,68.134773
34.135914,63.736576
33.470033,65.579953
34.887596,63.06804
31.546707,65.298528
34.425622,70.307528
34.968918,70.966709
34.781389000000004,68.565556
33.084221,68.287468
31.862841,64.668143
32.318090000000005,65.593675
33.029266,68.28846
32.551787,65.392415
33.662647,69.33142099999999
34.654819,68.240151
35.524776,68.09291400000001
34.425614,69.198347
34.34,69.160833
31.97937,67.051221
37.15692,68.852166
34.726694,69.830061
34.342365,70.80388
32.14,67.49638900000001
32.367886,65.117447
33.685766,65.81750699999999
31.534367,64.905973
36.046087,67.473442
33.438889,68.279167
32.815636,67.81559
34.096565000000005,70.752014
31.634171,67.410092
34.717276,69.069985
34.348611,68.832778
35.981915,66.37304300000001
31.36813,67.765801
36.8575,66.103611
32.117319,68.675957
31.182216,66.461469
34.030944,67.40961999999999
34.784973,70.04789
36.796387,68.857252
33.402348,68.520279
36.819167,66.083611
34.504334,62.477745
32.860985,69.14948299999999
33.41901,68.573387
32.692417,68.757149
34.840637,69.386154
33.251466,69.870349
33.436204,70.067109
34.269851,69.713199
33.350556,68.383889
36.708889,66.62916700000001
32.530735,66.211422
34.300846,67.19601899999999
34.551494,68.22559
33.297778,68.266389
34.076899,67.73609599999999
35.72134600000001,63.89381700000001
34.5299,69.27552299999999
34.961944,71.2725
30.211442,66.047647
33.153396,68.799048
33.055640000000004,67.454137
31.598239000000003,65.75747
35.173378,71.322817
35.883333,66.7
33.4625,68.146111
36.70471,69.52811
31.167897,66.385562
35.325549,67.890548
32.524663000000004,64.34034399999999
35.10146,69.330688
31.725758000000006,64.357439
36.921962,66.176468
36.083517,66.840293
36.056389,66.409722
34.409634000000004,70.601168
33.65147,69.291336
36.995435,65.16981
34.439477000000004,70.58896700000003
35.775105,64.792282
35.704025,64.402908
34.971196,69.225325
36.801622,66.970214
35.276828,71.36654399999998
33.316658000000004,69.837091
34.689388,70.235733
34.077011,70.636375
32.631676,62.457596
32.943537,66.74631099999999
34.305714,62.065375
36.661944,66.770278
33.032253000000004,68.03581199999999
33.796177,65.87152900000001
33.97384,63.86586
34.50878400000001,69.04781700000001
33.203426,68.740196
32.41059,65.024341
33.404722,68.474722
33.665806,68.130882
32.778209999999994,67.80645799999999
35.1441,71.39641800000003
31.210456,66.38166899999999
34.256504,70.098831
34.711220000000004,69.319626
33.866111,68.622222
34.265,68.855278
32.983333,67.966667
34.000402,70.861417
35.605435,71.325528
34.365833,68.839722
30.062448,66.060114
34.701944,68.75666700000001
32.82069,67.85984
36.997432,70.461579
33.37413,69.318359
33.31538,69.970373
33.819722,68.605556
33.655666,68.643066
33.363083,62.341347
33.251111,68.76
34.584949,66.355522
34.917461,70.377861
34.982597,69.190474
34.342222,67.156944
31.661439,65.660984
31.680847,67.285871
34.300438,70.211845
34.909529,70.762028
33.369626000000004,70.080026
33.355,68.40333299999999
33.011319,64.949126
30.498044,61.842833
35.166667,69.18333299999999
35.221562,69.21396700000001
36.706123,69.135216
34.275879,62.265415
33.085229,65.06655400000001
36.68534,68.954716
31.624919,66.377333
33.679993,69.21315799999999
33.032715,68.270004
31.533756,64.943389
32.012774,65.666123
36.024244,67.281028
33.680278,68.906111
35.808253,66.642839
30.178817,65.992942
35.026817,69.941063
31.542828000000004,65.603444
36.045868,68.667488
34.463056,69.238889
34.616947,66.359276
34.218855,67.021827
33.890833,68.181111
33.76008,66.70196899999999
33.199784,67.644358
33.766919,66.419812
34.996845,69.280098
33.676389,68.889444
33.99,66.568611
35.3375,64.580278
34.196301,66.747733
33.506744,68.025749
36.111987,67.332936
34.603736,69.748756
34.346667,67.966389
32.189868,64.979637
35.127914000000004,69.267084
34.182289000000004,69.69747199999999
36.880037,71.056099
33.143333,68.843611
33.849276,66.281029
33.307237,69.830689
33.923056,68.673056
34.50137,69.07939300000001
32.605715000000004,65.796943
33.668776,69.2936
34.718838,70.134087
34.311024,70.713264
30.231868,62.153061
33.888634,69.886185
32.960964000000004,68.27059200000001
34.683616,70.578
32.027826,65.39841
33.368286,67.664695
33.832188,69.868042
33.784794,69.09391
33.090747,65.058192
34.046111,66.795278
34.247494,70.87217700000002
30.229463,62.18931800000001
32.766724,69.099785
32.371853,62.108032
34.862873,69.167286
32.385379,65.127461
35.042045,69.206007
31.22319,67.25295
34.440833000000005,68.54777800000001
34.768265,70.99698599999998
36.915912,66.133078
36.230045,69.158096
31.598914,65.672246
32.962636,67.942159
34.43808,70.331909
34.546127,69.266944
33.430833,68.12138900000001
34.740963,66.93540899999999
34.656063,66.31774899999999
33.271114000000004,67.780762
33.2375,68.829444
32.304784999999995,64.93753199999999
36.5117,69.344284
36.151819,68.706251
33.783889,68.357778
34.556667,67.488889
34.470871,70.535349
34.119968,67.342112
36.627563,69.372292
33.483253999999995,67.991974
